input_video,gt_description,result
违章01,全程行人灯都是红灯状态，有部分时间被遮挡，而且近距离没有car长期占用斑马线，没有违章，可以输出0. ,
违章02,"00:00-00:21 白色轿车占领斑马线，行人灯是红灯 -- 不算是违章，但作为算法应该能识别出来这两个信息；
00:21-01:08 白色轿车一直占领静止斑马线（比例较大），行人灯是绿灯，--违章目标场景；
01:09-01:16 白色轿车一直在斑马线上运动，行人灯是绿灯，--不算违章目标场景；
01:19-01:44 白色轿车一直占领静止斑马线（比例小），行人灯是绿灯，--不算违章目标场景；1分25秒 变成红灯。
01:44-视频结束 白色轿车运动驶离，不算违章，可以清楚的看清楚车牌号是 京L NE560.",
违章03,"00:00-01:13 行人灯一直是红灯（中间有被遮挡，也有从公交车玻璃上反射），有车辆占据斑马线 -- 不算是违章；
01:14-02:14 行人灯一直是绿灯（通过公交车玻璃反光），有车辆占据斑马线 -- 算是违章，视频两台车占据斑马线，一个是黑色的车（车牌号看不到） ，一个是银灰色车（车牌号开头是京A BV3）；2分15秒以后是红灯。
02:26s 可以清楚的看到银灰色车的车牌是京ABV3428",
违章04,00:00-00:41 行人灯是红灯，有车辆行进和占斑马线都是OK的。 00:42 以后，行人灯变绿，占据斑马线的白色越野车。 从00:32 可以看到这辆车的车牌号是京N07YK6,
违章05,00:00-00:30 行人灯是绿灯（通过公交车反光和远处的红绿灯），视频中的黑车和白车都占据了斑马线，黑车占的少，白车占得多，而且黑车意识到以后有主动后退让开斑马线的行为，白车直到变灯都没动过。 黑车的车牌号是 京N541E6，白车的车牌号是京ADH9206。 30s到一分钟能看到红色交通灯，1分钟以后看不到交通灯。,
违章06,00:00-00:29 行人灯是绿灯，视频中的黑车，白车，灰车都占据了斑马线，违章； 00:29以后行人灯变红。 00:46可以看到黑车的车牌是京N2LE10,
违章07,视频中 黑，白，蓝车 占据了斑马线，其中，蓝车和白车占据的较多，黑车占据较少。00:00-00：43 行人灯是绿灯，这三台车违章了。黑车的车牌从一开始就能看到是京Q5D2N8，在01:54s 能看到蓝车的车牌是京ACG0878，白车的车牌不好分辨，1分22s好像是京EJQ505（看不清）。44秒以后是红灯，1分23秒以后看不到红绿灯,
违章08,视频全程行人灯都是绿灯（中间有几段手机没有对着拍摄，所以看不到红绿灯），两辆违章的白色车辆的车牌号分别是京ACD5358和 京ACW6553,
违章09,前7s 是红灯，灰色车和红色车一直占用斑马线。从11s到1分12s，行人灯绿灯，1分41秒后看不到红绿灯。30s左右，灰色的车往后倒一点，占用斑马线的比例减少。34s左右，红色的车往前挪了一点，占用斑马线的比例减少。灰车的车牌是京AC63971，红色的车牌是京NNM526,
违章10,全程行人灯是红色（短时间被遮挡），车辆无长期占用斑马线，无违章车辆,
违章11,15s之前行人灯红色，15s之后是绿灯。视频中能看到1白车2个黑车占据斑马线，远处的灰车占的比例高，车牌号看不清,
