video,t_sec,frame_idx,verdict,reason,note,annotated,imgh,imgw,poly,ts
违章02,1.0,30,labeled,,被白色汽车遮挡,1,720,1280,"718,697;435,251;3,279;7,713",2026-07-16T23:30:56
违章02,25.7,763,labeled,,被白色汽车遮挡，被电车遮挡,1,720,1280,"6,708;6,468;347,183;889,304;685,716",2026-07-16T23:30:55
违章02,44.5,1321,labeled,,被白色汽车遮挡,1,720,1280,"4,709;3,476;196,306;736,379;1000,718",2026-07-16T23:30:54
违章02,63.3,1880,labeled,,被白色汽车遮挡，被电车遮挡,0,720,1280,"5,703;11,475;206,313;813,421;867,720",2026-07-16T23:30:53
违章03,1.0,30,labeled,,被蓝色汽车部分遮挡,0,720,1280,"4,711;0,302;517,337;999,716",2026-07-16T23:31:28
违章03,80.0,2376,labeled,,被黑色汽车遮挡,0,720,1280,"2,712;14,422;305,281;954,343;866,718",2026-07-16T23:31:56
违章03,104.0,3088,labeled,,被黑色汽车遮挡,1,720,1280,"62,548;444,298;859,334;835,692",2026-07-16T23:32:33
违章03,128.0,3801,labeled,,被黑色汽车遮挡,0,720,1280,"32,703;281,356;829,397;916,705",2026-07-16T23:32:34
违章04,1.0,30,labeled,,白色SUV遮挡,1,1080,1920,"8,1074;11,674;102,539;1182,550;1082,1078",2026-07-16T23:35:15
违章04,42.1,1250,labeled,,,0,1080,1920,"7,1001;317,570;798,599;1008,1073",2026-07-16T23:35:30
违章04,42.6,1265,labeled,,,0,1080,1920,"0,805;151,603;848,629;1004,1073;6,1074",2026-07-16T23:35:47
违章04,43.1,1280,labeled,,,0,1080,1920,"11,969;220,589;809,547;998,1074",2026-07-16T23:36:00
违章05,3.0,89,labeled,,,0,1080,1920,"283,950;416,612;1138,680;1495,1078;479,1037",2026-07-16T23:36:19
违章05,15.0,445,labeled,,,0,1080,1920,"236,937;309,606;991,669;1492,1079;1040,1080;719,1030",2026-07-16T23:36:45
违章05,27.0,802,labeled,,,0,1080,1920,"249,916;383,598;1097,687;1580,1078;1002,1078",2026-07-16T23:37:06
违章05,31.0,921,labeled,,,0,1080,1920,"229,948;343,571;965,677;1468,1074;852,1074",2026-07-16T23:37:21
违章06,2.9,86,labeled,,,0,1080,1920,"6,1078;0,979;572,485;1497,472;1913,814;1913,1072",2026-07-16T23:37:58
违章06,14.5,429,labeled,,,0,1080,1920,"5,1077;8,929;827,524;1346,521;1899,1007;1876,1079",2026-07-16T23:38:34
违章06,26.1,772,labeled,,,0,1080,1920,"7,1071;8,913;727,485;1260,489;1906,1050;1114,1077",2026-07-16T23:38:58
违章06,30.0,888,labeled,,,0,1080,1920,"6,1078;22,882;635,536;1295,534;1897,1059",2026-07-16T23:39:19
违章07,4.3,128,labeled,,,0,1080,1920,"73,1071;468,497;1920,459;1915,1071",2026-07-16T23:39:46
违章07,21.5,639,labeled,,,0,1080,1920,"2,1071;3,969;439,500;1463,504;1817,758;1912,915;1907,1066",2026-07-16T23:40:03
违章07,38.7,1149,labeled,,,0,1080,1920,"4,1076;6,954;323,511;1451,526;1920,801;1915,1068",2026-07-16T23:44:33
违章07,44.0,1307,labeled,,,0,1080,1920,"5,1076;4,929;435,449;1369,382;1604,639;1913,909;1909,1077",2026-07-16T23:44:57
违章08,5.1,151,labeled,,,0,1080,1920,"14,881;141,460;775,475;1694,992;1529,1031",2026-07-16T23:45:37
违章08,25.4,754,labeled,,,0,1080,1920,"2,989;21,745;96,587;839,567;1250,1072;449,1059",2026-07-16T23:45:52
违章08,45.7,1357,labeled,,,0,1080,1920,"9,1060;24,347;982,275;1873,1030",2026-07-16T23:46:12
违章09,1.0,30,labeled,,,0,1080,1920,"8,1049;75,474;720,448;1013,944;1026,1077",2026-07-16T23:46:26
违章09,17.1,508,labeled,,,0,1080,1920,"4,1074;56,843;473,449;878,426;1115,973",2026-07-16T23:46:40
违章09,41.5,1233,labeled,,,0,1080,1920,"63,921;414,471;957,412;1199,901;1227,1066;458,1061",2026-07-16T23:46:51
违章09,65.9,1957,labeled,,,0,1080,1920,"195,1019;490,562;1034,474;1307,1009;571,1073",2026-07-16T23:47:02
违章11,1.0,30,labeled,,,0,720,1280,"26,683;164,311;813,275;1050,509;1237,699",2026-07-16T23:47:12
违章11,16.3,489,labeled,,,0,720,1280,"16,693;459,307;868,268;1069,535;1208,712",2026-07-16T23:47:21
违章11,21.7,651,labeled,,,0,720,1280,"5,673;359,277;798,267;1063,497;1244,654;1247,719",2026-07-16T23:47:30
违章11,27.1,813,labeled,,,0,720,1280,"531,283;5,719;1276,672;877,298",2026-07-16T23:47:46
