video,t_sec,frame_idx,pred,gt,verdict,reason,note,ts
违章02,0.0,0,unknown,red,algo_wrong,roi,浅蓝色框就没选对，红绿灯应该在当前框的左上方,2026-07-12T23:54:54
违章02,1.9,56,green,red,algo_wrong,roi,浅蓝色框就没选对，红绿灯应该在当前框的左上方,2026-07-12T23:55:10
违章02,11.8,350,green,red,algo_wrong,roi,浅蓝色框正确，但是黄圈错误，红绿灯在左边，上面是个静止站立的行人，下面是汉字“等待”,2026-07-12T23:56:07
违章02,22.2,658,red,green,algo_wrong,both,黄圈左上是绿灯，行走的小人的图标,2026-07-12T23:56:54
违章02,40.5,1204,red,green,algo_wrong,both,黄圈左上是绿灯，行走的小人的图标,2026-07-12T23:57:05
违章02,76.6,2275,red,green,algo_wrong,roi,浅蓝色框就没选对，红绿灯应该在当前框的左方,2026-07-12T23:57:30
违章02,78.5,2331,red,green,algo_wrong,roi,浅蓝色框就没选对，红绿灯应该在当前框的左方,2026-07-12T23:58:01
违章02,80.4,2387,red,green,algo_wrong,roi,浅蓝色框就没选对，红绿灯应该在当前框的左方,2026-07-12T23:58:02
违章02,82.3,2443,red,green,algo_wrong,roi,浅蓝色框就没选对，红绿灯应该在当前框的左方,2026-07-12T23:58:03
违章02,84.2,2499,red,green,algo_wrong,roi,浅蓝色框就没选对，红绿灯应该在当前框的左方,2026-07-12T23:58:03
违章03,0.0,0,unknown,red,other,other,红绿灯框浅蓝色框的左边，但是这个例子比较边界，红绿灯之透传出了“等待” 对算法要求比较高,2026-07-13T00:00:15
违章03,54.5,1617,green,red,algo_wrong,color,这个难度很大，框是对的，红绿灯是通过公交车玻璃反射看到的，是个红色的,2026-07-13T00:00:53
违章03,60.4,1792,green,red,algo_wrong,color,这个难度很大，框是对的，红绿灯是通过公交车玻璃反射看到的，是个红色的,2026-07-13T00:00:59
违章03,66.2,1967,green,red,algo_wrong,color,这个难度很大，框是对的，红绿灯是通过公交车玻璃反射看到的，是个红色的,2026-07-13T00:01:05
违章03,72.1,2142,green,red,algo_wrong,color,这个难度很大，框是对的，红绿灯是通过公交车玻璃反射看到的，是个红色的,2026-07-13T00:01:09
违章03,102.5,3045,red,green,algo_wrong,color,这个难度很大，框是对的，红绿灯是通过公交车玻璃反射看到的，是个绿色的,2026-07-13T00:01:26
违章03,54.5,1617,green,red,algo_wrong,both,这个难度很大，框是对的，红绿灯是通过公交车玻璃反射看到的，是个红色的,2026-07-13T00:01:46
违章03,60.4,1792,green,red,algo_wrong,both,这个难度很大，框是对的，红绿灯是通过公交车玻璃反射看到的，是个红色的,2026-07-13T00:01:48
违章03,66.2,1967,green,red,algo_wrong,both,这个难度很大，框是对的，红绿灯是通过公交车玻璃反射看到的，是个红色的,2026-07-13T00:01:51
违章03,72.1,2142,green,red,algo_wrong,both,这个难度很大，框是对的，红绿灯是通过公交车玻璃反射看到的，是个红色的,2026-07-13T00:01:53
违章03,102.5,3045,red,green,algo_wrong,both,这个难度很大，框是对的，红绿灯是通过公交车玻璃反射看到的，是个绿色的,2026-07-13T00:01:57
违章03,108.4,3220,red,green,algo_wrong,both,这个难度很大，框是对的，红绿灯是通过公交车玻璃反射看到的，是个绿色的,2026-07-13T00:02:20
违章03,114.3,3395,red,green,algo_wrong,both,这个难度很大，框是对的，红绿灯是通过公交车玻璃反射看到的，是个绿色的,2026-07-13T00:02:28
违章03,120.2,3570,red,green,algo_wrong,both,这个难度很大，框是对的，红绿灯是通过公交车玻璃反射看到的，是个绿色的,2026-07-13T00:02:36
违章03,126.1,3745,red,green,algo_wrong,both,这个难度很大，框是对的，红绿灯是通过公交车玻璃反射看到的，是个绿色的,2026-07-13T00:02:44
违章04,12.0,357,green,red,algo_wrong,roi,红绿灯在黄圈的左上方向，是个红灯，有个站立的小人图标和“等待”汉字,2026-07-13T00:03:41
违章04,0.0,0,unknown,red,algo_wrong,roi,红绿灯在黄圈的左上方向，是个红灯，有个站立的小人图标和“等待”汉字,2026-07-13T00:03:42
违章04,12.7,378,green,red,algo_wrong,roi,红绿灯在黄圈的左上方向，是个红灯，有个站立的小人图标和“等待”汉字,2026-07-13T00:03:51
违章04,13.4,399,green,red,algo_wrong,roi,红绿灯在黄圈的左上方向，是个红灯，有个站立的小人图标和“等待”汉字,2026-07-13T00:04:01
违章04,14.1,420,green,red,algo_wrong,both,红绿灯在黄圈的左上方向，是个红灯，有个站立的小人图标和“等待”汉字,2026-07-13T00:04:07
违章04,36.1,1071,green,red,algo_wrong,both,红绿灯在黄圈的上方向，是个红灯，有个站立的小人图标和“等待”汉字,2026-07-13T00:04:25
违章04,37.2,1106,green,red,algo_wrong,roi,红绿灯在黄圈的左上方向，是个红灯，有个站立的小人图标和“等待”汉字,2026-07-13T00:04:38
违章04,38.0,1127,green,red,algo_wrong,roi,红绿灯在黄圈的左上方向，是个红灯，有个站立的小人图标和“等待”汉字,2026-07-13T00:04:45
违章04,38.7,1148,green,red,algo_wrong,roi,红绿灯在黄圈的左上方向，是个红灯，有个站立的小人图标和“等待”汉字,2026-07-13T00:04:55
违章04,39.4,1169,green,red,algo_wrong,roi,红绿灯在黄圈的左上方向，是个红灯，有个站立的小人图标和“等待”汉字,2026-07-13T00:05:08
