video,start_s,end_s,light_state,light_evidence,is_violation,violating_plates,other_plates,note
违章01,0,66.5,red,occluded,0,,,全程红灯(部分被遮挡) 无长期占道 输出0(真负例)
违章02,0,21,red,visible,0,京LNE560,,白车占道但红灯 不算违章(车牌00:44看清)
违章02,21,68,green,visible,1,京LNE560,,白车静止占道比例大+绿灯=违章目标场景
违章02,69,76,green,visible,0,京LNE560,,白车运动占道 绿灯但不算
违章02,79,85,green,visible,0,京LNE560,,白车静止占道比例小 绿灯但不算
违章02,85,110.4,red,visible,0,京LNE560,,1分25秒变红灯 白车静止或驶离 不算(车牌京LNE560)
违章03,0,73,red,occluded,0,,,红灯(被遮挡+公交车玻璃反射) 占道 不算违章
违章03,74,134,green,inferred,1,京ABV3428;无牌,,两车占道+绿灯=违章 绿灯仅从公交车玻璃反光看到(难例) 银灰车牌京ABV3428 黑车无牌
违章03,135,159,red,visible,0,,,2分15秒后红灯 无占道违章
违章04,0,41,red,visible,0,京N07YK6,,红灯+占道OK
违章04,42,43.2,green,visible,1,京N07YK6,,白越野车占道+绿灯=违章 车牌00:32已看清
违章05,0,30,green,inferred,1,京ADH9206,京N541E6,黑车占少+主动后退不算 白车占多静止=违章(绿灯经公交车反光+远处红灯)
违章05,30,60,red,visible,0,京ADH9206;京N541E6,,红灯时段 两车占道但不算违章
违章05,60,65.7,unknown,,0,,,1分钟后看不到交通灯 默认无违章
违章06,0,29,green,visible,1,京N2LE10;?;?,,三车占道+绿灯=违章(白车/灰车车牌未读)
违章06,29,48,red,visible,0,京N2LE10,,红灯 黑车牌00:46看清(红灯时段 印证车牌需视频全局读取)
违章07,0,43,green,visible,1,京Q5D2N8;京ACG0878;京EJQ505,,三车占道+绿灯=违章(蓝白占多 黑占少) 蓝牌01:54/白牌1:22看清
违章07,44,83,red,visible,0,京Q5D2N8;京ACG0878;京EJQ505,,44秒后红灯 占道但不算
违章07,83,87.1,unknown,,0,,,1分23秒后看不到红绿灯 默认无违章
违章08,0,50.8,green,inferred,1,京ACD5358;京ACW6553,,全程绿灯 中段手机未拍到灯=未知应向前填充 两白车违章
违章09,0,10,red,visible,0,京AC63971;京NNM526,,红灯+占道OK
违章09,11,72,green,inferred,1,京AC63971;京NNM526,,绿灯两车占道违章(30s灰车后退比例减 34s红车前挪比例减)
违章09,72,106.4,unknown,,0,,,1分12后未明确灯态 1分41后看不到灯 默认无违章
违章10,0,15.5,red,occluded,0,,,全程红灯(短时间被遮挡) 无占用 无违章(真负例)
违章11,0,15,red,visible,0,,,红灯
违章11,15,28.4,green,visible,1,?,,"白车+2黑车+远处灰车占道+绿灯=违章(灰车比例高 车牌看不清)"
