video,t_sec,expected_state,pred_was,reason
违章02,0.0,red,unknown,search_area
违章02,1.9,red,green,search_area
违章02,11.8,red,green,search_area
违章02,22.2,green,red,search_area
违章02,40.5,green,red,search_area
违章02,76.6,green,red,search_area
违章02,78.5,green,red,search_area
违章02,80.4,green,red,search_area
违章02,82.3,green,red,search_area
违章02,84.2,green,red,search_area
违章03,54.5,red,green,color
违章03,60.4,red,green,color
违章03,66.2,red,green,color
违章03,72.1,red,green,color
违章03,102.5,green,red,color
违章03,108.4,green,red,color
违章03,114.3,green,red,color
违章03,120.2,green,red,color
违章03,126.1,green,red,color
违章04,0.0,red,unknown,search_area
违章04,12.0,red,green,search_area
违章04,12.7,red,green,search_area
违章04,13.4,red,green,search_area
违章04,14.1,red,green,search_area
违章04,36.1,red,green,search_area
违章04,37.2,red,green,search_area
违章04,38.0,red,green,search_area
违章04,38.7,red,green,search_area
违章04,39.4,red,green,search_area
