video,start_s,end_s,state,confidence,note
违章01,0,48,red,confirmed,从label_result_01.csv解析
违章01,48,62.5,red,occluded,"人工画廊标注:48-62.5s信号灯被遮挡(60帧other),系统判unknown正确"
违章01,62.5,999,red,confirmed,从label_result_01.csv解析
违章02,0,20.9,red,confirmed,旧GT肉眼确认
违章02,20.9,85,green,confirmed,旧GT肉眼确认
违章02,85,999,red,confirmed,旧GT肉眼确认
违章03,0,73,red,confirmed,旧GT肉眼确认
违章03,74,134,green,confirmed,旧GT肉眼确认
违章03,135,999,red,confirmed,旧GT肉眼确认
违章04,0,41.7,red,confirmed,旧GT肉眼确认
违章04,42.4,999,green,confirmed,旧GT肉眼确认
违章05,0,30,green,confirmed,从label_result_01.csv解析
违章06,0,29,green,confirmed,从label_result_01.csv解析
违章06,29,999,red,confirmed,从label_result_01.csv解析
违章07,0,43,green,confirmed,从label_result_01.csv解析
违章07,44,999,red,confirmed,从label_result_01.csv解析
违章08,0,999,green,confirmed,从label_result_01.csv解析
违章09,0,7,red,confirmed,从label_result_01.csv解析
违章09,7,11,unknown,tentative,从label_result_01.csv解析
违章09,11,72,green,confirmed,从label_result_01.csv解析
违章09,72,999,unknown,tentative,从label_result_01.csv解析
违章10,0,999,red,confirmed,从label_result_01.csv解析
违章11,0,15,red,confirmed,从label_result_01.csv解析
违章11,15,999,green,confirmed,从label_result_01.csv解析
